{
  "IcoMoonType": "selection",
  "icons": [
    {
      "icon": {
        "paths": [
          "M998.963 920.576l-456.038-851.558c-6.349-11.008-18.125-17.818-30.925-17.818-12.851 0-24.627 6.81-30.925 17.818l-455.987 851.558c-6.195 10.803-6.093 24.115 0.256 34.816 6.4 10.803 18.022 17.408 30.618 17.408h912.077c12.544 0 24.269-6.605 30.618-17.408 6.349-10.701 6.451-24.013 0.307-34.816zM563.2 870.4h-102.4v-102.4h102.4v102.4zM563.2 691.2h-102.4v-332.8h102.4v332.8z"
        ],
        "attrs": [],
        "isMulticolor": false,
        "isMulticolor2": false,
        "tags": [
          "warning"
        ],
        "grid": 20
      },
      "attrs": [],
      "properties": {
        "id": 15,
        "order": 2,
        "prevSize": 20,
        "code": 59648,
        "name": "warning"
      },
      "setIdx": 0,
      "setId": 2,
      "iconIdx": 14
    },
    {
      "icon": {
        "paths": [
          "M687.002 402.381c13.875-13.722 36.301-13.722 50.074 0 13.824 13.722 13.926 35.891 0 49.613l-200.090 196.096c-13.824 13.722-36.198 13.722-50.125 0l-200.090-196.096c-13.824-13.67-13.824-35.891 0-49.613 13.875-13.722 36.301-13.722 50.074 0l175.155 160.819 175.002-160.819z"
        ],
        "attrs": [],
        "isMulticolor": false,
        "isMulticolor2": false,
        "tags": [
          "chevron-small-down"
        ],
        "grid": 20
      },
      "attrs": [],
      "properties": {
        "id": 37,
        "order": 6,
        "prevSize": 20,
        "code": 59649,
        "name": "chevron-small-down"
      },
      "setIdx": 0,
      "setId": 2,
      "iconIdx": 36
    },
    {
      "icon": {
        "paths": [
          "M621.619 687.002c13.722 13.875 13.722 36.301 0 50.074-13.722 13.824-35.891 13.926-49.613 0l-196.096-200.090c-13.722-13.824-13.722-36.198 0-50.125l196.096-200.090c13.67-13.824 35.891-13.824 49.613 0 13.722 13.875 13.722 36.301 0 50.074l-160.819 175.155 160.819 175.002z"
        ],
        "attrs": [],
        "isMulticolor": false,
        "isMulticolor2": false,
        "tags": [
          "chevron-small-left"
        ],
        "grid": 20
      },
      "attrs": [],
      "properties": {
        "id": 38,
        "order": 5,
        "prevSize": 20,
        "code": 59650,
        "name": "chevron-small-left"
      },
      "setIdx": 0,
      "setId": 2,
      "iconIdx": 37
    },
    {
      "icon": {
        "paths": [
          "M563.2 512l-160.819-175.104c-13.722-13.824-13.722-36.198 0-50.074 13.722-13.824 35.891-13.824 49.613 0l196.096 200.090c13.722 13.875 13.722 36.301 0 50.125l-196.096 200.090c-13.67 13.926-35.891 13.824-49.613 0-13.722-13.773-13.722-36.198 0-50.074l160.819-175.053z"
        ],
        "attrs": [],
        "isMulticolor": false,
        "isMulticolor2": false,
        "tags": [
          "chevron-small-right"
        ],
        "grid": 20
      },
      "attrs": [],
      "properties": {
        "id": 39,
        "order": 4,
        "prevSize": 20,
        "code": 59651,
        "name": "chevron-small-right"
      },
      "setIdx": 0,
      "setId": 2,
      "iconIdx": 38
    },
    {
      "icon": {
        "paths": [
          "M336.998 621.619c-13.875 13.722-36.301 13.722-50.074 0s-13.926-35.891 0-49.613l200.090-196.096c13.824-13.722 36.198-13.722 50.125 0l200.090 196.096c13.824 13.67 13.824 35.891 0 49.613-13.875 13.722-36.301 13.722-50.125 0l-175.104-160.819-175.002 160.819z"
        ],
        "attrs": [],
        "isMulticolor": false,
        "isMulticolor2": false,
        "tags": [
          "chevron-small-up"
        ],
        "grid": 20
      },
      "attrs": [],
      "properties": {
        "id": 40,
        "order": 3,
        "prevSize": 20,
        "code": 59652,
        "name": "chevron-small-up"
      },
      "setIdx": 0,
      "setId": 2,
      "iconIdx": 39
    },
    {
      "icon": {
        "paths": [
          "M473.293 487.424l-368.794-253.389c-29.286-19.61-53.299-5.222-53.299 32v491.981c0 37.12 24.013 51.507 53.299 32l368.794-253.491c0 0 14.285-10.189 14.285-24.474 0-14.336-14.285-24.627-14.285-24.627zM952.32 512.051c0 14.285-14.285 24.474-14.285 24.474l-368.794 253.491c-29.286 19.507-53.299 5.12-53.299-32v-491.981c0-37.222 24.013-51.61 53.299-32l368.742 253.389c0 0 14.336 10.291 14.336 24.627z"
        ],
        "attrs": [],
        "isMulticolor": false,
        "isMulticolor2": false,
        "tags": [
          "controller-fast-forward"
        ],
        "grid": 20
      },
      "attrs": [],
      "properties": {
        "id": 51,
        "order": 13,
        "prevSize": 20,
        "code": 59653,
        "name": "controller-fast-forward"
      },
      "setIdx": 0,
      "setId": 2,
      "iconIdx": 50
    },
    {
      "icon": {
        "paths": [
          "M765.901 234.035l-368.794 253.389c0 0-14.285 10.291-14.285 24.627s14.285 24.525 14.285 24.525l368.794 253.491c29.286 19.456 53.299 5.069 53.299-32.051v-491.981c0-37.222-24.013-51.61-53.299-32zM307.2 204.8h-51.2c-28.314 0-51.2 2.458-51.2 30.72v552.96c0 28.262 22.886 30.72 51.2 30.72h51.2c28.314 0 51.2-2.458 51.2-30.72v-552.96c0-28.262-22.886-30.72-51.2-30.72z"
        ],
        "attrs": [],
        "isMulticolor": false,
        "isMulticolor2": false,
        "tags": [
          "controller-jump-to-start"
        ],
        "grid": 20
      },
      "attrs": [],
      "properties": {
        "id": 52,
        "order": 11,
        "prevSize": 20,
        "code": 59654,
        "name": "controller-jump-to-start"
      },
      "setIdx": 0,
      "setId": 2,
      "iconIdx": 51
    },
    {
      "icon": {
        "paths": [
          "M626.893 487.424l-368.794-253.389c-29.286-19.61-53.299-5.222-53.299 32v491.981c0 37.12 24.013 51.507 53.299 32l368.794-253.491c0 0 14.285-10.189 14.285-24.474 0-14.336-14.285-24.627-14.285-24.627zM716.8 204.8h51.2c28.314 0 51.2 2.458 51.2 30.72v552.96c0 28.262-22.886 30.72-51.2 30.72h-51.2c-28.314 0-51.2-2.458-51.2-30.72v-552.96c0-28.262 22.886-30.72 51.2-30.72z"
        ],
        "attrs": [],
        "isMulticolor": false,
        "isMulticolor2": false,
        "tags": [
          "controller-next"
        ],
        "grid": 20
      },
      "attrs": [],
      "properties": {
        "id": 53,
        "order": 10,
        "prevSize": 20,
        "code": 59655,
        "name": "controller-next"
      },
      "setIdx": 0,
      "setId": 2,
      "iconIdx": 52
    },
    {
      "icon": {
        "paths": [
          "M768 153.6h-102.4c-28.314 0-51.2 2.458-51.2 30.72v655.36c0 28.262 22.886 30.72 51.2 30.72h102.4c28.314 0 51.2-2.458 51.2-30.72v-655.36c0-28.262-22.886-30.72-51.2-30.72zM358.4 153.6h-102.4c-28.314 0-51.2 2.458-51.2 30.72v655.36c0 28.262 22.886 30.72 51.2 30.72h102.4c28.314 0 51.2-2.458 51.2-30.72v-655.36c0-28.262-22.886-30.72-51.2-30.72z"
        ],
        "attrs": [],
        "isMulticolor": false,
        "isMulticolor2": false,
        "tags": [
          "controller-paus"
        ],
        "grid": 20
      },
      "attrs": [],
      "properties": {
        "id": 54,
        "order": 9,
        "prevSize": 20,
        "code": 59656,
        "name": "controller-paus"
      },
      "setIdx": 0,
      "setId": 2,
      "iconIdx": 53
    },
    {
      "icon": {
        "paths": [
          "M768 512.051c0 15.309-15.616 26.317-15.616 26.317l-438.323 271.514c-31.949 20.941-58.061 5.427-58.061-34.253v-527.206c0-39.782 26.112-55.194 58.112-34.304l438.323 271.616c-0.051 0 15.565 11.008 15.565 26.317z"
        ],
        "attrs": [],
        "isMulticolor": false,
        "isMulticolor2": false,
        "tags": [
          "controller-play"
        ],
        "grid": 20
      },
      "attrs": [],
      "properties": {
        "id": 55,
        "order": 8,
        "prevSize": 20,
        "code": 59657,
        "name": "controller-play"
      },
      "setIdx": 0,
      "setId": 2,
      "iconIdx": 54
    },
    {
      "icon": {
        "paths": [
          "M512 153.6c-197.939 0-358.4 160.41-358.4 358.4 0 197.888 160.461 358.4 358.4 358.4s358.4-160.512 358.4-358.4c0-197.99-160.461-358.4-358.4-358.4z"
        ],
        "attrs": [],
        "isMulticolor": false,
        "isMulticolor2": false,
        "tags": [
          "controller-record"
        ],
        "grid": 20
      },
      "attrs": [],
      "properties": {
        "id": 56,
        "order": 12,
        "prevSize": 20,
        "code": 59658,
        "name": "controller-record"
      },
      "setIdx": 0,
      "setId": 2,
      "iconIdx": 55
    },
    {
      "icon": {
        "paths": [
          "M512.051 399.36c-62.208 0-112.691 50.432-112.691 112.64s50.483 112.64 112.691 112.64c62.208 0 112.589-50.432 112.589-112.64s-50.381-112.64-112.589-112.64zM512.051 266.24c62.208 0 112.589-50.483 112.589-112.64s-50.381-112.64-112.589-112.64c-62.208 0-112.691 50.432-112.691 112.64s50.483 112.64 112.691 112.64zM512.051 757.76c-62.208 0-112.691 50.432-112.691 112.64s50.483 112.64 112.691 112.64c62.208 0 112.589-50.432 112.589-112.64s-50.381-112.64-112.589-112.64z"
        ],
        "attrs": [],
        "isMulticolor": false,
        "isMulticolor2": false,
        "tags": [
          "dots-three-vertical"
        ],
        "grid": 20
      },
      "attrs": [],
      "properties": {
        "id": 61,
        "order": 14,
        "prevSize": 20,
        "code": 59659,
        "name": "dots-three-vertical"
      },
      "setIdx": 0,
      "setId": 2,
      "iconIdx": 60
    },
    {
      "icon": {
        "paths": [
          "M542.464 266.035l22.835 70.195c18.893-16.179 42.752-30.669 73.779-40.704 30.208-9.83 56.883-15.36 80.998-18.534l-22.016-67.738c-24.371 3.533-51.251 9.216-80.896 18.842-29.594 9.626-54.016 23.040-74.701 37.939zM589.926 412.211l22.835 70.195c18.893-16.179 42.752-30.669 73.779-40.704 30.208-9.83 56.883-15.36 80.998-18.534l-22.016-67.738c-24.371 3.533-51.251 9.216-80.896 18.842-29.594 9.574-53.965 22.989-74.701 37.939zM637.44 558.336l22.835 70.195c18.893-16.179 42.752-30.669 73.779-40.704 30.208-9.83 56.883-15.36 80.998-18.534l-22.016-67.738c-24.371 3.533-51.251 9.216-80.896 18.842-29.645 9.574-54.016 23.040-74.701 37.939zM275.866 669.542l22.016 67.738c21.35-11.571 46.182-22.784 76.39-32.563 31.027-10.086 58.829-12.39 83.61-10.394l-22.835-70.195c-25.549 0.102-53.146 3.584-82.688 13.158-29.645 9.626-54.733 20.787-76.493 32.256zM180.89 377.242l22.016 67.738c21.35-11.571 46.182-22.733 76.39-32.563 31.027-10.086 58.829-12.39 83.61-10.394l-22.784-70.246c-25.549 0.154-53.146 3.584-82.739 13.21-29.645 9.626-54.733 20.787-76.493 32.256zM228.352 523.418l22.016 67.738c21.35-11.571 46.182-22.784 76.39-32.563 31.027-10.086 58.829-12.39 83.61-10.394l-22.784-70.246c-25.549 0.102-53.146 3.584-82.688 13.158-29.645 9.626-54.784 20.838-76.544 32.307zM566.477 72.192c-88.218 28.672-134.298 89.702-156.314 131.021-42.086-20.48-115.2-42.752-203.418-14.080-129.178 41.984-203.213 134.502-203.213 134.502l209.664 644.454c6.451 19.814 33.075 24.422 44.954 7.322 25.549-36.813 74.752-84.89 166.758-114.79 87.962-28.57 152.013 2.765 187.136 29.594 13.926 10.65 33.894 3.072 39.014-13.722 12.902-42.342 46.438-104.448 133.632-132.762 92.109-29.952 160.205-19.917 202.547-5.12 19.712 6.861 38.4-12.39 32-32.205l-209.306-644.813c0 0-114.278-31.334-243.456 10.598zM560.691 781.107c-41.933-12.493-97.331-18.33-160.819 2.253-64.051 20.787-108.902 48.589-138.189 71.885l-166.144-511.078c18.33-18.33 60.774-53.35 136.294-77.875 71.117-23.091 129.434-3.328 167.885 19.354l160.973 495.462zM913.664 643.43c-37.427-1.638-90.061 2.253-154.112 23.091-63.488 20.634-104.858 57.958-131.43 92.672l-160.973-495.462c17.715-40.96 53.248-91.238 124.416-114.33 75.469-24.525 130.406-21.146 156.006-17.101l166.093 511.13z"
        ],
        "attrs": [],
        "isMulticolor": false,
        "isMulticolor2": false,
        "tags": [
          "open-book"
        ],
        "grid": 20
      },
      "attrs": [],
      "properties": {
        "id": 73,
        "order": 15,
        "prevSize": 20,
        "code": 59660,
        "name": "open-book"
      },
      "setIdx": 0,
      "setId": 2,
      "iconIdx": 72
    },
    {
      "icon": {
        "paths": [
          "M776.858 102.4h-572.058c-56.371 0-102.4 46.080-102.4 102.4v614.4c0 56.32 46.029 102.4 102.4 102.4h614.4c56.371 0 102.4-46.080 102.4-102.4v-556.698l-144.742-160.102zM716.8 409.6c0 28.109-23.040 51.2-51.2 51.2h-307.2c-28.16 0-51.2-23.091-51.2-51.2v-256h409.6v256zM665.6 204.8h-102.4v204.8h102.4v-204.8z"
        ],
        "attrs": [],
        "isMulticolor": false,
        "isMulticolor2": false,
        "tags": [
          "save"
        ],
        "grid": 20
      },
      "attrs": [],
      "properties": {
        "id": 76,
        "order": 16,
        "prevSize": 20,
        "code": 59661,
        "name": "save"
      },
      "setIdx": 0,
      "setId": 2,
      "iconIdx": 75
    },
    {
      "icon": {
        "paths": [
          "M818.637 979.405c0.563-109.005-111.923-173.517-221.030-220.518-108.698-46.797-143.411-86.221-143.411-170.701 0-50.637 33.178-34.15 47.718-127.027 6.144-38.502 35.43-0.614 41.062-88.525 0-35.021-16.026-43.725-16.026-43.725s8.141-51.866 11.315-91.802c3.277-41.83-20.378-131.072-117.811-158.464-16.998-17.459-28.518-45.158 23.91-72.909-114.688-5.325-141.363 54.682-202.445 98.816-51.968 38.707-65.997 99.994-63.488 132.608 3.328 39.936 11.418 91.802 11.418 91.802s-16.077 8.704-16.077 43.725c5.632 87.962 35.021 50.022 41.114 88.525 14.541 92.877 47.77 76.39 47.77 127.027 0 84.48-10.854 113.152-119.603 159.949-109.107 46.95-143.053 122.214-142.49 231.219 0.154 32.614-0.563 44.595-0.563 44.595h819.2c0 0-0.717-11.981-0.563-44.595zM870.4 512v-153.6h-102.4v153.6h-153.6v102.4h153.6v153.6h102.4v-153.6h153.6v-102.4h-153.6z"
        ],
        "attrs": [],
        "isMulticolor": false,
        "isMulticolor2": false,
        "tags": [
          "add-user"
        ],
        "grid": 20
      },
      "attrs": [],
      "properties": {
        "id": 88,
        "order": 17,
        "prevSize": 20,
        "code": 59662,
        "name": "add-user"
      },
      "setIdx": 0,
      "setId": 2,
      "iconIdx": 87
    },
    {
      "icon": {
        "paths": [
          "M1024 102.4v819.2h-1007.616c-16.282 0-21.299-10.701-11.059-23.808l228.813-294.298c10.189-13.107 28.314-14.49 40.397-3.174l72.653 68.301c12.032 11.315 29.286 9.114 38.246-4.915l156.006-242.688c8.96-13.978 26.061-15.974 37.939-4.608l111.155 107.315c11.878 11.52 28.621 9.216 37.069-5.12l262.81-398.592c8.499-14.438 20.787-17.613 33.587-17.613z"
        ],
        "attrs": [],
        "isMulticolor": false,
        "isMulticolor2": false,
        "tags": [
          "area-graph"
        ],
        "grid": 20
      },
      "attrs": [],
      "properties": {
        "id": 102,
        "order": 18,
        "prevSize": 20,
        "code": 59663,
        "name": "area-graph"
      },
      "setIdx": 0,
      "setId": 2,
      "iconIdx": 101
    },
    {
      "icon": {
        "paths": [
          "M870.4 51.2h-102.4c-28.262 0-51.2 22.886-51.2 51.2v869.99h204.8v-869.99c0-28.314-22.886-51.2-51.2-51.2zM563.2 358.4h-102.4c-28.262 0-51.2 22.886-51.2 51.2v562.79h204.8v-562.79c0-28.314-22.886-51.2-51.2-51.2zM256 665.6h-102.4c-28.262 0-51.2 22.886-51.2 51.2v255.59h204.8v-255.59c0-28.314-22.886-51.2-51.2-51.2z"
        ],
        "attrs": [],
        "isMulticolor": false,
        "isMulticolor2": false,
        "tags": [
          "bar-graph"
        ],
        "grid": 20
      },
      "attrs": [],
      "properties": {
        "id": 107,
        "order": 19,
        "prevSize": 20,
        "code": 59664,
        "name": "bar-graph"
      },
      "setIdx": 0,
      "setId": 2,
      "iconIdx": 106
    },
    {
      "icon": {
        "paths": [
          "M512 409.6c-84.838 0-153.6 68.813-153.6 153.6s68.762 153.6 153.6 153.6c84.787 0 153.6-68.813 153.6-153.6s-68.813-153.6-153.6-153.6zM921.6 256h-122.88c-16.896 0-35.123-13.107-40.397-29.184l-31.795-95.283c-5.376-16.026-23.501-29.133-40.448-29.133h-348.16c-16.896 0-35.123 13.107-40.397 29.082l-31.846 95.334c-5.325 16.077-23.501 29.184-40.397 29.184h-122.88c-56.32 0-102.4 46.080-102.4 102.4v460.8c0 56.32 46.080 102.4 102.4 102.4h819.2c56.32 0 102.4-46.080 102.4-102.4v-460.8c0-56.32-46.080-102.4-102.4-102.4zM512 819.2c-141.414 0-256-114.586-256-256s114.586-256 256-256c141.363 0 256 114.586 256 256s-114.637 256-256 256zM896 419.84c-19.814 0-35.84-16.077-35.84-35.891 0-19.712 16.026-35.84 35.84-35.84s35.84 16.077 35.84 35.84c0 19.814-16.026 35.891-35.84 35.891z"
        ],
        "attrs": [],
        "isMulticolor": false,
        "isMulticolor2": false,
        "tags": [
          "camera"
        ],
        "grid": 20
      },
      "attrs": [],
      "properties": {
        "id": 123,
        "order": 20,
        "prevSize": 20,
        "code": 59665,
        "name": "camera"
      },
      "setIdx": 0,
      "setId": 2,
      "iconIdx": 122
    },
    {
      "icon": {
        "paths": [
          "M292.813 755.2c-12.083 0-24.269-4.25-33.997-12.902l-259.072-230.298 273.459-243.098c21.094-18.688 53.453-16.896 72.243 4.25s16.896 53.504-4.25 72.294l-187.341 166.554 172.954 153.702c21.146 18.79 23.040 51.149 4.25 72.294-10.086 11.418-24.166 17.203-38.246 17.203zM750.797 755.098l273.459-243.098-259.072-230.298c-21.146-18.79-53.504-16.896-72.243 4.25-18.79 21.146-16.896 53.504 4.25 72.294l172.954 153.754-187.341 166.502c-21.146 18.79-23.040 51.149-4.25 72.294 10.086 11.418 24.166 17.203 38.246 17.203 12.083 0 24.269-4.25 33.997-12.902zM511.283 827.648l102.4-614.4c4.659-27.904-14.182-54.272-42.086-58.931-28.006-4.71-54.323 14.182-58.88 42.086l-102.4 614.4c-4.659 27.904 14.182 54.272 42.086 58.931 2.867 0.461 5.632 0.666 8.448 0.666 24.576 0 46.285-17.766 50.432-42.752z"
        ],
        "attrs": [],
        "isMulticolor": false,
        "isMulticolor2": false,
        "tags": [
          "code"
        ],
        "grid": 20
      },
      "attrs": [],
      "properties": {
        "id": 135,
        "order": 41,
        "prevSize": 20,
        "code": 59666,
        "name": "code"
      },
      "setIdx": 0,
      "setId": 2,
      "iconIdx": 134
    },
    {
      "icon": {
        "paths": [
          "M859.29 512c0-53.709 33.075-96 82.79-125.082-9.011-29.901-20.838-58.624-35.43-85.606-55.757 14.592-100.864-7.219-138.803-45.21-37.939-37.888-49.562-82.995-34.97-138.803-26.982-14.592-55.706-26.522-85.606-35.379-29.082 49.664-81.664 82.688-135.27 82.688-53.658 0-106.189-33.024-135.322-82.688-29.952 8.858-58.573 20.787-85.555 35.379 14.592 55.808 3.021 100.915-35.021 138.803-37.888 37.99-82.995 59.802-138.803 45.21-14.592 26.982-26.47 55.706-35.379 85.606 49.664 29.082 82.688 71.373 82.688 125.082 0 53.606-33.024 106.189-82.688 135.322 8.96 29.901 20.787 58.573 35.379 85.606 55.808-14.592 100.915-3.021 138.803 34.918 37.939 37.99 49.613 83.098 35.021 138.803 26.982 14.592 55.654 26.522 85.606 35.482 29.082-49.818 81.664-82.79 135.322-82.79 53.606 0 106.189 33.024 135.322 82.79 29.901-9.011 58.573-20.89 85.606-35.482-14.592-55.706-3.021-100.813 34.97-138.803 37.939-37.888 83.046-59.699 138.803-45.21 14.592-26.982 26.47-55.603 35.43-85.606-49.818-29.133-82.893-71.424-82.893-125.030zM512 698.982c-103.322 0-187.034-83.712-187.034-186.982 0-103.322 83.763-187.085 187.034-187.085 103.322 0 186.982 83.814 186.982 187.085-0 103.322-83.661 186.982-186.982 186.982z"
        ],
        "attrs": [],
        "isMulticolor": false,
        "isMulticolor2": false,
        "tags": [
          "cog"
        ],
        "grid": 20
      },
      "attrs": [],
      "properties": {
        "id": 136,
        "order": 42,
        "prevSize": 20,
        "code": 59667,
        "name": "cog"
      },
      "setIdx": 0,
      "setId": 2,
      "iconIdx": 135
    },
    {
      "icon": {
        "paths": [
          "M563.2 857.856v114.944h-102.4v-109.722c-87.654-5.12-156.979-30.157-217.139-92.006l87.962-89.088c43.981 44.544 103.578 59.392 168.038 59.392 80.128 0 123.136-30.669 123.136-87.142 0-24.73-6.81-45.517-21.504-59.392-13.67-12.851-29.286-19.814-61.542-24.73l-84.070-11.878c-59.597-8.909-103.526-27.699-134.861-58.419-33.178-33.638-49.818-79.155-49.818-138.598 0-110.336 70.758-191.642 189.798-209.92v-100.096h102.4v98.918c70.758 7.424 126.208 31.744 174.848 79.411l-85.965 86.118c-43.981-42.598-96.717-48.486-142.694-48.486-72.294 0-107.469 40.55-107.469 89.088 0 17.818 5.888 36.659 20.531 50.483 13.67 12.902 36.147 23.757 64.512 27.699l82.022 11.878c63.539 8.909 103.578 26.726 132.915 54.426 37.171 35.635 53.76 87.142 53.76 149.504 0 115.2-80.23 187.494-192.461 207.616z"
        ],
        "attrs": [],
        "isMulticolor": false,
        "isMulticolor2": false,
        "tags": [
          "credit"
        ],
        "grid": 20
      },
      "attrs": [],
      "properties": {
        "id": 141,
        "order": 21,
        "prevSize": 20,
        "code": 59668,
        "name": "credit"
      },
      "setIdx": 0,
      "setId": 2,
      "iconIdx": 140
    },
    {
      "icon": {
        "paths": [
          "M512 20.48c-271.104 0-491.571 220.518-491.571 491.52s220.467 491.52 491.571 491.52c271.002 0 491.52-220.518 491.52-491.52s-220.518-491.52-491.52-491.52zM931.226 512c0 95.898-32.563 184.32-86.835 254.976-15.36-11.981-31.693-44.39-16.333-77.978 15.514-33.792 19.558-112.026 15.974-142.49-3.379-30.413-19.2-103.68-62.157-104.397-42.906-0.614-72.346-14.797-97.843-65.69-52.89-105.882 99.277-126.208 46.387-184.781-14.797-16.486-91.29 67.686-102.502-44.493-0.717-8.038 6.912-20.070 17.203-32.563 166.093 55.808 286.106 212.838 286.106 397.414zM454.4 96.922c-10.035 19.558-36.506 27.494-52.582 42.189-35.021 31.693-50.074 27.29-68.915 57.702-18.995 30.413-80.23 74.189-80.23 96.205s30.925 47.923 46.387 42.906c15.462-5.12 56.269-4.813 80.23 3.584 24.013 8.499 200.397 16.998 144.179 166.093-17.818 47.411-95.898 39.424-116.685 117.914-3.123 11.52-13.926 60.723-14.592 76.8-1.28 24.883 17.613 118.682-6.4 118.682-24.115 0-88.986-83.917-88.986-99.123s-16.794-68.506-16.794-114.176c0-45.619-77.722-44.902-77.722-105.574 0-54.682 42.138-81.92 32.666-108.186-9.267-26.112-83.302-26.982-114.176-30.208 53.914-139.827 180.736-243.61 333.619-264.806zM380.109 909.824c25.19-13.312 27.75-30.515 50.586-31.386 26.112-1.178 47.36-10.189 76.8-16.691 26.112-5.683 72.858-32.205 113.971-35.584 34.714-2.816 103.168 1.792 121.6 35.277-66.304 44.083-145.818 69.786-231.117 69.786-46.029 0-90.368-7.629-131.84-21.402z"
        ],
        "attrs": [],
        "isMulticolor": false,
        "isMulticolor2": false,
        "tags": [
          "globe"
        ],
        "grid": 20
      },
      "attrs": [],
      "properties": {
        "id": 176,
        "order": 22,
        "prevSize": 20,
        "code": 59669,
        "name": "globe"
      },
      "setIdx": 0,
      "setId": 2,
      "iconIdx": 175
    },
    {
      "icon": {
        "paths": [
          "M991.59 926.822l-69.99-210.022h-76.8l42.65 204.8h-750.899l42.65-204.8h-76.8l-70.042 210.022c-17.766 53.453 13.722 97.178 70.042 97.178h819.2c56.32 0 87.808-43.725 69.99-97.178zM768 256c0-141.363-114.586-256-256-256s-256 114.637-256 256c0 244.48 256 512 256 512s256-267.52 256-512zM373.76 259.072c0-76.339 61.85-138.189 138.24-138.189s138.24 61.85 138.24 138.189c0 76.39-61.901 138.24-138.24 138.24s-138.24-61.901-138.24-138.24z"
        ],
        "attrs": [],
        "isMulticolor": false,
        "isMulticolor2": false,
        "tags": [
          "location"
        ],
        "grid": 20
      },
      "attrs": [],
      "properties": {
        "id": 211,
        "order": 25,
        "prevSize": 20,
        "code": 59670,
        "name": "location"
      },
      "setIdx": 0,
      "setId": 2,
      "iconIdx": 210
    },
    {
      "icon": {
        "paths": [
          "M898.304 791.91l-193.485-193.485c29.184-47.872 45.978-104.192 45.978-164.352 0-174.95-151.603-326.502-326.554-326.502-174.95-0.051-316.723 141.773-316.723 316.723 0 174.899 151.603 326.502 326.502 326.502 58.214 0 112.64-15.821 159.488-43.213l194.509 194.611c19.046 18.995 49.92 18.995 68.915 0l48.282-48.282c18.995-18.995 12.083-43.008-6.912-62.003zM205.005 424.294c0-121.139 98.15-219.29 219.238-219.29 121.139 0 229.069 107.878 229.069 229.069 0 121.088-98.202 219.29-219.29 219.29-121.139-0.051-229.018-107.981-229.018-229.069z"
        ],
        "attrs": [],
        "isMulticolor": false,
        "isMulticolor2": false,
        "tags": [
          "magnifying-glass"
        ],
        "grid": 20
      },
      "attrs": [],
      "properties": {
        "id": 218,
        "order": 23,
        "prevSize": 20,
        "code": 59671,
        "name": "magnifying-glass"
      },
      "setIdx": 0,
      "setId": 2,
      "iconIdx": 217
    },
    {
      "icon": {
        "paths": [
          "M80.589 270.643c24.986 13.414 371.098 199.373 384 206.285s29.594 10.189 46.387 10.189c16.794 0 33.485-3.277 46.387-10.189s359.014-192.87 384-206.285c25.037-13.466 48.691-65.843 2.765-65.843h-866.253c-45.926 0-22.272 52.378 2.714 65.843zM952.986 383.437c-28.416 14.797-378.214 197.069-395.622 206.182s-29.594 10.189-46.387 10.189-28.979-1.075-46.387-10.189-365.21-191.437-393.626-206.234c-19.968-10.445-19.763 1.792-19.763 11.213s0 373.402 0 373.402c0 21.504 28.979 51.2 51.2 51.2h819.2c22.221 0 51.2-29.696 51.2-51.2 0 0 0-363.93 0-373.35s0.205-21.658-19.814-11.213z"
        ],
        "attrs": [],
        "isMulticolor": false,
        "isMulticolor2": false,
        "tags": [
          "mail"
        ],
        "grid": 20
      },
      "attrs": [],
      "properties": {
        "id": 219,
        "order": 24,
        "prevSize": 20,
        "code": 59672,
        "name": "mail"
      },
      "setIdx": 0,
      "setId": 2,
      "iconIdx": 218
    },
    {
      "icon": {
        "paths": [
          "M839.68 460.8h-655.36c-28.262 0-30.72 22.886-30.72 51.2s2.458 51.2 30.72 51.2h655.36c28.262 0 30.72-22.886 30.72-51.2s-2.458-51.2-30.72-51.2zM839.68 665.6h-655.36c-28.262 0-30.72 22.886-30.72 51.2s2.458 51.2 30.72 51.2h655.36c28.262 0 30.72-22.886 30.72-51.2s-2.458-51.2-30.72-51.2zM184.32 358.4h655.36c28.262 0 30.72-22.886 30.72-51.2s-2.458-51.2-30.72-51.2h-655.36c-28.262 0-30.72 22.886-30.72 51.2s2.458 51.2 30.72 51.2z"
        ],
        "attrs": [],
        "isMulticolor": false,
        "isMulticolor2": false,
        "tags": [
          "menu"
        ],
        "grid": 20
      },
      "attrs": [],
      "properties": {
        "id": 225,
        "order": 26,
        "prevSize": 20,
        "code": 59673,
        "name": "menu"
      },
      "setIdx": 0,
      "setId": 2,
      "iconIdx": 224
    },
    {
      "icon": {
        "paths": [
          "M512 716.8c-56.013 0-101.427 45.773-101.427 102.4 0 56.525 45.414 102.4 101.427 102.4s101.376-45.875 101.376-102.4c0-56.576-45.363-102.4-101.376-102.4zM296.96 602.010l71.68 72.397c79.155-79.974 207.565-79.974 286.771 0l71.629-72.397c-118.733-119.962-311.347-119.962-430.080 0zM153.6 457.114l71.68 72.397c158.31-159.898 415.027-159.898 573.389 0l71.731-72.397c-197.888-199.885-518.912-199.885-716.8 0zM10.189 312.32l71.68 72.397c237.517-239.923 622.643-239.923 860.211 0l71.68-72.397c-277.094-279.91-726.426-279.91-1003.571 0z"
        ],
        "attrs": [],
        "isMulticolor": false,
        "isMulticolor2": false,
        "tags": [
          "signal"
        ],
        "grid": 20
      },
      "attrs": [],
      "properties": {
        "id": 278,
        "order": 27,
        "prevSize": 20,
        "code": 59674,
        "name": "signal"
      },
      "setIdx": 0,
      "setId": 2,
      "iconIdx": 277
    },
    {
      "icon": {
        "paths": [
          "M665.6 153.6h-307.2c-197.939 0-358.4 160.461-358.4 358.4s160.461 358.4 358.4 358.4h307.2c197.939 0 358.4-160.461 358.4-358.4s-160.461-358.4-358.4-358.4zM665.6 768c-141.363 0-256-114.637-256-256s114.637-256 256-256 256 114.637 256 256-114.637 256-256 256z"
        ],
        "attrs": [],
        "isMulticolor": false,
        "isMulticolor2": false,
        "tags": [
          "switch"
        ],
        "grid": 20
      },
      "attrs": [],
      "properties": {
        "id": 291,
        "order": 28,
        "prevSize": 20,
        "code": 59675,
        "name": "switch"
      },
      "setIdx": 0,
      "setId": 2,
      "iconIdx": 290
    },
    {
      "icon": {
        "paths": [
          "M818.637 979.405c0-114.995-111.974-173.517-221.030-220.518-108.698-46.797-143.411-86.221-143.411-170.701 0-50.637 33.178-34.15 47.718-127.027 6.144-38.502 35.43-0.614 41.062-88.525 0-35.021-16.026-43.725-16.026-43.725s8.141-51.866 11.315-91.802c3.277-41.83-20.378-131.072-117.811-158.464-16.998-17.459-28.518-45.158 23.91-72.909-114.688-5.325-141.363 54.682-202.445 98.816-51.968 38.707-65.997 99.994-63.488 132.608 3.328 39.936 11.418 91.802 11.418 91.802s-16.077 8.704-16.077 43.725c5.632 87.962 35.021 50.022 41.114 88.525 14.541 92.877 47.77 76.39 47.77 127.027 0 84.48-10.854 113.152-119.603 159.949-109.107 46.95-143.053 122.214-142.49 231.219 0.154 32.614-0.563 44.595-0.563 44.595h819.2c0 0-0.563-11.981-0.563-44.595zM948.634 684.288c-58.112-23.398-82.176-51.302-82.176-105.779 0-32.819 21.402-22.118 30.822-82.074 3.942-24.781 22.886-0.41 26.522-57.088 0-22.579-10.342-28.211-10.342-28.211s5.274-33.587 7.322-59.341c2.56-32.102-18.637-115.046-116.122-115.046-97.434 0-118.682 82.944-116.173 115.046 2.15 25.702 7.373 59.341 7.373 59.341s-10.342 5.581-10.342 28.211c3.635 56.678 22.579 32.307 26.522 57.088 9.421 60.006 30.822 49.306 30.822 82.074 0 54.477-22.426 79.974-92.621 110.182-3.533 1.485-6.144 3.482-9.37 5.222 83.968 36.454 216.371 99.379 247.706 227.686h135.424c0 0 0-97.587 0-118.682 0-51.2-13.978-93.901-75.366-118.63z"
        ],
        "attrs": [],
        "isMulticolor": false,
        "isMulticolor2": false,
        "tags": [
          "users"
        ],
        "grid": 20
      },
      "attrs": [],
      "properties": {
        "id": 312,
        "order": 29,
        "prevSize": 20,
        "code": 59676,
        "name": "users"
      },
      "setIdx": 0,
      "setId": 2,
      "iconIdx": 311
    },
    {
      "icon": {
        "paths": [
          "M418.56 665.6l-170.189 307.2h605.389l170.24-307.2h-605.44zM300.288 117.709l-300.288 543.488 172.646 311.501 300.339-543.488-172.698-311.501zM995.584 614.4l-312.115-563.2h-345.344l311.706 563.2h345.754z"
        ],
        "attrs": [],
        "isMulticolor": false,
        "isMulticolor2": false,
        "tags": [
          "google-drive"
        ],
        "grid": 20
      },
      "attrs": [],
      "properties": {
        "id": 328,
        "order": 40,
        "prevSize": 20,
        "code": 59677,
        "name": "google-drive"
      },
      "setIdx": 0,
      "setId": 2,
      "iconIdx": 327
    },
    {
      "icon": {
        "paths": [
          "M329.165 504.166c24.934-100.403 115.149-173.773 222.259-173.773 63.283 0 122.573 25.856 165.478 70.758 18.125-5.837 39.322-10.342 58.163-10.752v-6.656c0-127.078-94.464-230.144-210.944-230.144-83.251 0-154.624 53.146-188.928 129.587-25.293-17.101-54.835-27.392-86.733-27.392-91.392 0-165.427 80.742-165.427 180.378 0 10.752 1.229 21.197 2.918 31.386-70.502 6.963-125.696 79.053-125.696 157.696 0 0.819 0.205 1.485 0.205 2.304-0.051 0.717-0.461 1.434-0.461 2.15 0 31.488 10.957 60.262 28.723 83.507 25.19 33.894 64.614 54.784 109.568 54.784h64.563c-12.595-24.986-20.378-52.838-20.378-82.688-0.051-88.934 62.976-163.43 146.688-181.146zM915.917 602.982c-1.28 0-2.56 0.358-3.84 0.41 0.358-3.789 1.126-7.475 1.126-11.366 0-75.366-61.082-136.397-136.448-136.397-30.003 0-57.498 9.933-80.077 26.419-27.955-51.968-82.125-87.654-145.306-87.654-91.546 0-165.734 74.189-165.734 165.734 0 1.178 0.307 2.202 0.358 3.379-6.042-0.922-12.083-1.843-18.381-1.843-68.352 0-123.648 55.347-123.648 123.648 0 8.55 0.87 16.896 2.509 24.934 11.674 62.003 65.946 108.954 131.379 108.954h548.147v-0.973c54.886-5.222 97.997-50.893 97.997-107.11 0-59.699-48.384-108.134-108.083-108.134z"
        ],
        "attrs": [],
        "isMulticolor": false,
        "isMulticolor2": false,
        "tags": [
          "onedrive"
        ],
        "grid": 20
      },
      "attrs": [],
      "properties": {
        "id": 333,
        "order": 31,
        "prevSize": 20,
        "code": 59678,
        "name": "onedrive"
      },
      "setIdx": 0,
      "setId": 2,
      "iconIdx": 332
    },
    {
      "icon": {
        "paths": [
          "M405.197 546.662h84.941c184.525 0 289.229-83.098 322.56-253.952 1.075-5.632 2.048-11.059 2.867-16.486 1.843-11.571 2.765-21.965 3.174-31.949 0.307-6.861 0.512-10.906 0.461-14.694-0.41-20.019-3.942-36.966-11.059-53.197-6.605-15.155-16.589-30.054-31.386-47.002-43.674-49.664-119.757-78.182-210.637-78.182h-289.434c-20.378 0-37.734 14.848-40.909 34.97l-52.224 336.435-64.973 419.072c-2.355 15.104 9.318 28.723 24.576 28.723h141.926l43.469-258.202c5.99-37.888 38.246-65.536 76.646-65.536zM871.27 311.808c-40.55 193.075-171.878 295.526-381.184 295.526h-84.89c-8.397 0-15.462 6.042-16.794 14.438l-56.576 351.027h148.838c17.818 0 33.024-12.954 35.789-30.566l1.485-7.68 28.416-179.917 1.843-9.933c2.765-17.613 17.971-30.566 35.789-30.566h22.528c145.92 0 260.147-59.29 293.53-230.707 13.722-70.656 6.758-129.741-28.774-171.622z"
        ],
        "attrs": [],
        "isMulticolor": false,
        "isMulticolor2": false,
        "tags": [
          "paypal"
        ],
        "grid": 20
      },
      "attrs": [],
      "properties": {
        "id": 334,
        "order": 30,
        "prevSize": 20,
        "code": 59679,
        "name": "paypal"
      },
      "setIdx": 0,
      "setId": 2,
      "iconIdx": 333
    },
    {
      "icon": {
        "paths": [
          "M955.955 616.294c6.758-31.898 10.394-65.126 10.394-99.226 0-255.283-201.216-462.285-449.382-462.285-26.163 0-51.814 2.406-76.8 6.81-40.192-26.010-87.654-41.114-138.598-41.114-143.923 0-260.608 120.013-260.608 268.134 0 49.408 13.107 95.795 35.789 135.578-5.939 30.003-9.114 61.133-9.114 92.928 0 255.283 201.216 462.285 449.28 462.285 28.211 0 55.654-2.611 82.278-7.68 36.71 20.275 78.592 31.795 123.187 31.795 143.923 0 260.608-120.013 260.608-268.083 0.051-42.854-9.728-83.251-27.034-119.142zM747.469 738.099c-20.787 30.208-51.507 54.221-91.29 71.219-39.373 16.896-86.63 25.395-140.39 25.395-64.512 0-118.63-11.622-160.922-34.714-30.208-16.794-55.091-39.475-73.984-67.482-19.046-28.416-28.723-56.525-28.723-83.61 0-16.896 6.298-31.59 18.688-43.622 12.288-11.878 28.109-18.022 46.899-18.022 15.411 0 28.774 4.813 39.578 14.182 10.342 9.011 19.2 22.426 26.317 39.578 7.987 18.79 16.691 34.611 25.856 47.104 8.806 11.981 21.504 22.118 37.632 30.003 16.282 7.885 38.298 11.878 65.28 11.878 37.12 0 67.584-8.090 90.522-24.218 22.426-15.821 33.28-34.611 33.28-57.702 0-18.278-5.683-32.614-17.408-43.878-12.186-11.674-28.416-20.89-47.923-27.187-20.429-6.502-48.179-13.619-82.483-20.992-46.592-10.291-86.17-22.477-117.709-36.198-32.256-14.080-58.214-33.69-77.21-58.214-19.2-24.73-29.030-55.91-29.030-92.518 0-34.918 10.24-66.406 30.515-93.594 20.122-26.88 49.408-47.872 87.194-62.31 37.274-14.182 81.715-21.402 131.891-21.402 40.090 0 75.418 4.813 104.806 14.182 29.594 9.523 54.579 22.323 74.189 38.093 19.814 15.923 34.509 32.922 43.725 50.483 9.318 17.92 14.080 35.584 14.080 52.787 0 16.486-6.195 31.488-18.483 44.595-12.288 13.21-27.802 19.814-46.080 19.814-16.589 0-29.696-4.198-38.707-12.39-8.397-7.578-17.203-19.61-26.829-36.71-11.213-21.914-24.781-39.219-40.346-51.302-15.104-11.878-40.346-17.92-75.059-17.92-32.205 0-58.419 6.707-77.773 19.814-18.842 12.749-27.904 27.238-27.904 44.339 0 10.598 2.97 19.405 9.011 26.88 6.4 8.090 15.411 15.104 26.778 20.992 11.776 6.144 23.91 10.957 36.096 14.438 12.493 3.584 33.485 8.806 62.208 15.718 36.403 7.987 69.786 16.998 99.277 26.675 29.952 9.882 55.808 22.016 76.902 36.096 21.504 14.49 38.605 33.024 50.637 55.091 12.134 22.221 18.278 49.613 18.278 81.408 0.051 38.144-10.547 72.806-31.386 103.219z"
        ],
        "attrs": [],
        "isMulticolor": false,
        "isMulticolor2": false,
        "tags": [
          "skype"
        ],
        "grid": 20
      },
      "attrs": [],
      "properties": {
        "id": 342,
        "order": 39,
        "prevSize": 20,
        "code": 59680,
        "name": "skype"
      },
      "setIdx": 0,
      "setId": 2,
      "iconIdx": 341
    },
    {
      "icon": {
        "paths": [
          "M870.4 51.2h-716.8c-56.32 0-102.4 46.080-102.4 102.4v716.8c0 56.371 46.080 102.4 102.4 102.4h358.4v-358.4h-102.4v-126.72h102.4v-104.96c0-110.797 62.054-188.621 192.819-188.621l92.314 0.102v133.376h-61.286c-50.893 0-70.246 38.195-70.246 73.626v86.528h131.482l-29.082 126.669h-102.4v358.4h204.8c56.32 0 102.4-46.029 102.4-102.4v-716.8c0-56.32-46.080-102.4-102.4-102.4z"
        ],
        "attrs": [],
        "isMulticolor": false,
        "isMulticolor2": false,
        "tags": [
          "facebook"
        ],
        "grid": 20
      },
      "attrs": [],
      "properties": {
        "id": 360,
        "order": 36,
        "prevSize": 20,
        "code": 59681,
        "name": "facebook"
      },
      "setIdx": 0,
      "setId": 2,
      "iconIdx": 359
    },
    {
      "icon": {
        "paths": [
          "M674.816 579.021c-36.762 0-66.56 41.318-66.56 92.109 0 50.893 29.798 92.211 66.56 92.211s66.56-41.318 66.56-92.211c-0.051-50.79-29.798-92.109-66.56-92.109zM906.547 339.251c7.629-18.688 7.936-124.877-32.512-226.611 0 0-92.723 10.189-233.011 106.496-29.44-8.192-79.258-12.186-128.973-12.186-49.818 0-99.584 3.994-129.024 12.186-140.339-96.307-233.062-106.496-233.062-106.496-40.397 101.734-39.987 207.923-32.461 226.611-47.514 51.61-76.544 113.613-76.544 198.195 0 367.923 305.306 373.811 382.31 373.811 17.51 0 52.122 0.102 88.781 0.102 36.608 0 71.27-0.102 88.678-0.102 77.107 0 382.31-5.888 382.31-373.811 0-84.582-28.979-146.586-76.493-198.195zM513.434 866.048h-2.867c-193.075 0-343.501-22.989-343.501-210.688 0-45.005 15.872-86.682 53.606-121.293 62.822-57.702 169.216-27.187 289.894-27.187 0.512 0 1.024 0 1.485 0 0.512 0 0.922 0 1.382 0 120.678 0 227.123-30.515 289.997 27.187 37.632 34.611 53.504 76.288 53.504 121.293 0 187.699-150.374 210.688-343.501 210.688zM349.235 579.021c-36.762 0-66.56 41.318-66.56 92.109 0 50.893 29.798 92.211 66.56 92.211 36.813 0 66.611-41.318 66.611-92.211 0-50.79-29.798-92.109-66.611-92.109z"
        ],
        "attrs": [],
        "isMulticolor": false,
        "isMulticolor2": false,
        "tags": [
          "github"
        ],
        "grid": 20
      },
      "attrs": [],
      "properties": {
        "id": 364,
        "order": 32,
        "prevSize": 20,
        "code": 59682,
        "name": "github"
      },
      "setIdx": 0,
      "setId": 2,
      "iconIdx": 363
    },
    {
      "icon": {
        "paths": [
          "M870.4 51.2h-716.8c-56.32 0-102.4 46.080-102.4 102.4v716.8c0 56.371 46.080 102.4 102.4 102.4h716.8c56.32 0 102.4-46.029 102.4-102.4v-716.8c0-56.32-46.080-102.4-102.4-102.4zM511.181 794.778c156.621 0 283.546-127.027 283.546-283.597 0-17.306-2.202-33.997-5.274-50.381h80.947v369.459c0 19.558-15.872 35.328-35.482 35.328h-645.837c-19.61-0-35.482-15.77-35.482-35.328v-369.459h79.309c-3.123 16.384-5.325 33.075-5.325 50.381 0 156.621 127.027 283.597 283.597 283.597zM333.978 511.181c0-97.894 79.36-177.203 177.254-177.203 97.843 0 177.254 79.309 177.254 177.203s-79.411 177.254-177.254 177.254c-97.946 0-177.254-79.36-177.254-177.254zM834.918 307.2h-82.688c-19.558 0-35.43-15.974-35.43-35.43v-82.79c0-19.558 15.872-35.379 35.379-35.379h82.688c19.661 0 35.533 15.821 35.533 35.379v82.739c0 19.507-15.872 35.482-35.482 35.482z"
        ],
        "attrs": [],
        "isMulticolor": false,
        "isMulticolor2": false,
        "tags": [
          "instagram"
        ],
        "grid": 20
      },
      "attrs": [],
      "properties": {
        "id": 368,
        "order": 37,
        "prevSize": 20,
        "code": 59683,
        "name": "instagram"
      },
      "setIdx": 0,
      "setId": 2,
      "iconIdx": 367
    },
    {
      "icon": {
        "paths": [
          "M256 153.6c0 54.374-36.352 101.171-102.451 101.171-62.208 0-102.349-44.134-102.349-98.509 0-55.808 38.912-105.062 102.4-105.062s101.171 46.592 102.4 102.4zM51.2 972.8v-665.6h204.8v665.6h-204.8z",
          "M358.4 534.733c0-79.104-2.611-145.203-5.222-202.291h184.013l9.114 88.218h3.891c25.907-41.523 89.395-102.4 195.686-102.4 129.638 0 226.918 86.784 226.918 273.51v381.030h-204.8v-351.283c0-81.613-31.078-143.872-102.4-143.872-54.374 0-81.613 44.032-95.898 80.333-5.222 13.005-6.502 31.13-6.502 49.306v365.517h-204.8v-438.067z"
        ],
        "attrs": [
          {},
          {}
        ],
        "isMulticolor": false,
        "isMulticolor2": false,
        "tags": [
          "linkedin"
        ],
        "grid": 20
      },
      "attrs": [
        {},
        {}
      ],
      "properties": {
        "id": 372,
        "order": 35,
        "prevSize": 20,
        "code": 59684,
        "name": "linkedin"
      },
      "setIdx": 0,
      "setId": 2,
      "iconIdx": 371
    },
    {
      "icon": {
        "paths": [
          "M798.72 931.635c-39.782 18.995-75.776 32.307-107.981 39.987-32.256 7.578-67.123 11.418-104.602 11.418-42.547 0-80.179-5.478-112.896-16.282-32.717-10.906-60.57-26.419-83.712-46.49-23.091-20.224-39.117-41.574-48.026-64.205-8.909-22.682-13.363-55.603-13.363-98.611v-330.496h-102.861v-133.325c36.557-11.981 67.891-29.184 93.952-51.712 26.112-22.426 47.002-49.408 62.822-80.896 15.77-31.386 26.573-71.475 32.563-120.064h132.352v238.182h220.877v147.814h-220.877v241.613c0 54.579 2.867 89.702 8.602 105.216 5.683 15.514 16.333 27.904 31.846 37.12 20.634 12.493 44.186 18.79 70.707 18.79 47.104 0 94.003-15.514 140.595-46.49v148.429z"
        ],
        "attrs": [],
        "isMulticolor": false,
        "isMulticolor2": false,
        "tags": [
          "tumblr"
        ],
        "grid": 20
      },
      "attrs": [],
      "properties": {
        "id": 379,
        "order": 34,
        "prevSize": 20,
        "code": 59685,
        "name": "tumblr"
      },
      "setIdx": 0,
      "setId": 2,
      "iconIdx": 378
    },
    {
      "icon": {
        "paths": [
          "M886.579 319.795c0.41 8.294 0.563 16.691 0.563 24.986 0 255.488-194.406 549.99-549.888 549.99-109.21 0-210.739-32-296.294-86.886 15.155 1.792 30.515 2.714 46.080 2.714 90.624 0 173.926-30.925 240.026-82.688-84.531-1.587-155.955-57.395-180.531-134.195 11.776 2.202 23.91 3.379 36.352 3.379 17.664 0 34.765-2.304 50.944-6.707-88.422-17.818-155.034-95.898-155.034-189.594 0-0.819 0-1.587 0-2.406 26.061 14.49 55.91 23.194 87.552 24.218-51.866-34.714-86.016-93.798-86.016-160.922 0-35.379 9.523-68.608 26.214-97.178 95.283 116.992 237.773 193.894 398.387 201.984-3.277-14.182-4.966-28.877-4.966-44.083 0-106.701 86.477-193.178 193.229-193.178 55.603 0 105.83 23.398 141.107 60.979 43.981-8.704 85.35-24.781 122.726-46.899-14.438 45.107-45.107 82.995-84.992 106.906 39.117-4.71 76.288-15.002 111.002-30.413-25.907 38.81-58.675 72.806-96.461 99.994z"
        ],
        "attrs": [],
        "isMulticolor": false,
        "isMulticolor2": false,
        "tags": [
          "twitter"
        ],
        "grid": 20
      },
      "attrs": [],
      "properties": {
        "id": 381,
        "order": 33,
        "prevSize": 20,
        "code": 59686,
        "name": "twitter"
      },
      "setIdx": 0,
      "setId": 2,
      "iconIdx": 380
    },
    {
      "icon": {
        "paths": [
          "M512 117.76c-503.194 0-512 44.749-512 394.24s8.806 394.24 512 394.24 512-44.749 512-394.24-8.806-394.24-512-394.24zM676.096 529.101l-229.888 107.315c-20.122 9.318-36.608-1.126-36.608-23.347v-202.138c0-22.17 16.486-32.666 36.608-23.347l229.888 107.315c20.122 9.421 20.122 24.781 0 34.202z"
        ],
        "attrs": [],
        "isMulticolor": false,
        "isMulticolor2": false,
        "tags": [
          "youtube"
        ],
        "grid": 20
      },
      "attrs": [],
      "properties": {
        "id": 385,
        "order": 38,
        "prevSize": 20,
        "code": 59687,
        "name": "youtube"
      },
      "setIdx": 0,
      "setId": 2,
      "iconIdx": 384
    }
  ],
  "height": 1024,
  "metadata": {
    "name": "icomoon"
  },
  "preferences": {
    "showGlyphs": true,
    "showQuickUse": true,
    "showQuickUse2": true,
    "showSVGs": true,
    "fontPref": {
      "prefix": "icon-",
      "metadata": {
        "fontFamily": "icomoon"
      },
      "metrics": {
        "emSize": 1024,
        "baseline": 6.25,
        "whitespace": 50
      },
      "embed": false
    },
    "imagePref": {
      "prefix": "icon-",
      "png": true,
      "useClassSelector": true,
      "color": 0,
      "bgColor": 16777215,
      "classSelector": ".icon"
    },
    "historySize": 50,
    "showCodes": true,
    "gridSize": 16
  }
}